origin,destination,demand
5,4,17621
4,5,17506
4,9,13045
4,12,12868
4,39,12731
146,149,11386
5,2,11227
9,4,11011
69,4,10910
4,36,10784
12,4,10290
46,5,9992
72,4,9749
1,4,9283
43,5,9189
4,72,9054
5,39,8942
4,69,8795
72,69,8795
4,42,8653
2,4,8579
4,44,8396
30,133,8366
114,113,8263
113,114,8075
4,68,8021
5,36,8011
4,48,7990
12,5,7929
46,4,7828
11,5,7774
149,146,7730
43,4,7724
44,5,7723
5,12,7344
69,5,7262
105,104,6763
72,5,6756
69,9,6747
44,4,6701
76,72,6685
72,9,6620
4,35,6605
46,43,6595
1,2,6514
5,44,6367
117,113,6311
112,113,6287
39,5,6159
70,5,6124
5,42,5972
9,72,5968
5,72,5941
45,4,5919
4,2,5892
4,13,5887
69,72,5871
9,5,5808
7,5,5799
5,69,5793
37,5,5773
104,72,5740
45,5,5727
124,125,5727
45,46,5695
113,120,5687
4,46,5642
125,124,5636
151,149,5623
11,4,5618
139,146,5524
149,3,5456
101,99,5437
9,69,5430
39,43,5347
4,18,5312
71,4,5305
121,113,5301
40,5,5272
72,76,5270
5,68,5269
5,9,5252
62,58,5226
72,71,5224
4,43,5191
133,124,5154
43,39,5141
37,4,5108
113,121,5068
30,136,5062
39,4,5051
39,42,5006
147,149,4970
29,32,4953
61,58,4891
15,4,4865
15,5,4843
4,45,4832
71,5,4825
40,4,4820
41,5,4797
21,5,4749
149,145,4717
139,145,4714
48,5,4702
1,5,4688
71,72,4685
8,5,4674
35,5,4660
2,5,4637
101,86,4626
4,71,4609
43,44,4597
72,58,4596
65,72,4545
145,146,4521
97,98,4518
5,46,4507
72,62,4504
32,31,4490
86,97,4484
5,48,4483
35,43,4465
13,4,4458
145,139,4406
72,91,4387
9,18,4358
9,2,4342
4,62,4342
136,131,4296
4,47,4293
46,44,4280
68,72,4272
46,12,4261
4,17,4247
46,47,4243
30,130,4233
125,131,4220
46,9,4220
146,139,4215
15,3,4205
93,86,4204
149,148,4198
30,127,4171
70,4,4157
5,30,4135
43,12,4118
9,44,4114
66,69,4103
36,5,4101
5,26,4096
113,117,4095
42,36,4093
84,83,4065
40,43,4063
4,8,4061
4,10,4058
12,36,4047
57,58,4041
5,43,4037
9,12,4036
76,69,4027
64,62,4026
83,5,4013
44,43,4000
43,36,3994
65,4,3976
149,150,3974
9,35,3973
5,18,3933
48,46,3932
48,72,3927
4,30,3916
39,47,3878
9,39,3861
4,41,3849
5,35,3840
104,4,3839
113,116,3833
76,4,3830
12,2,3829
4,67,3802
4,76,3789
20,5,3783
19,18,3781
140,139,3776
39,48,3770
113,112,3757
38,5,3744
86,101,3734
69,2,3732
131,133,3729
58,57,3710
84,33,3706
72,46,3700
99,100,3700
31,29,3697
149,147,3686
127,130,3686
48,4,3682
68,4,3671
11,35,3661
150,139,3650
5,140,3646
44,9,3639
72,12,3638
135,145,3636
150,151,3634
4,33,3632
104,69,3628
57,72,3613
42,47,3600
14,15,3598
133,131,3598
4,3,3594
15,36,3594
38,4,3573
93,97,3569
4,26,3567
13,5,3554
14,3,3553
36,4,3549
18,35,3546
5,13,3534
120,113,3527
18,17,3520
149,139,3517
9,68,3506
65,69,3502
30,32,3493
47,48,3492
5,19,3488
62,63,3476
29,34,3472
145,149,3470
4,133,3463
9,36,3455
15,9,3445
5,24,3442
126,133,3435
99,86,3434
4,83,3432
121,125,3419
44,42,3411
4,37,3404
121,129,3403
41,4,3400
12,9,3392
71,45,3383
130,133,3372
2,9,3371
8,9,3367
4,40,3363
83,84,3360
32,140,3341
42,5,3340
72,98,3340
105,72,3326
100,101,3321
45,48,3305
33,31,3302
133,130,3301
36,43,3301
65,64,3288
17,5,3282
89,72,3282
64,72,3280
45,44,3278
15,39,3277
68,69,3270
42,48,3261
45,9,3258
5,45,3242
140,138,3233
5,32,3231
29,69,3230
30,113,3228
97,86,3227
11,9,3224
40,9,3216
9,71,3182
49,48,3174
68,5,3173
43,18,3172
49,5,3170
4,84,3169
39,44,3167
57,65,3167
12,13,3165
12,46,3162
12,43,3162
31,138,3159
86,98,3158
30,134,3147
9,26,3146
23,30,3139
80,82,3138
37,43,3136
82,79,3135
29,11,3132
4,86,3125
40,36,3122
141,149,3120
47,46,3108
146,145,3107
63,5,3105
49,61,3094
89,91,3091
43,2,3090
30,124,3088
43,9,3088
43,46,3086
42,40,3077
74,46,3077
72,104,3071
4,20,3066
34,31,3048
5,67,3041
12,44,3038
63,4,3034
72,2,3029
4,25,3028
71,9,3026
13,42,3023
9,46,3021
5,47,3015
26,4,3015
69,76,3008
151,150,3007
74,4,3006
57,4,3001
46,18,2994
79,31,2994
5,25,2987
44,39,2986
105,69,2970
11,39,2966
35,4,2961
79,19,2960
25,32,2945
32,33,2942
43,72,2942
125,121,2930
5,71,2930
146,3,2922
69,12,2920
86,99,2919
84,4,2917
21,4,2917
13,39,2900
6,7,2899
74,5,2894
37,36,2891
4,63,2890
104,89,2890
95,86,2889
31,3,2887
30,131,2887
70,9,2884
131,124,2884
30,121,2878
32,11,2876
133,127,2876
31,140,2874
66,5,2865
125,136,2855
17,26,2852
112,127,2851
5,37,2846
36,47,2844
8,4,2839
43,48,2837
83,4,2834
3,4,2831
127,133,2830
4,58,2826
29,30,2825
4,31,2815
5,40,2808
42,4,2807
117,30,2803
31,79,2801
43,45,2800
48,63,2799
126,127,2794
72,68,2792
8,36,2783
70,44,2780
113,3,2773
13,47,2765
4,61,2765
26,3,2763
112,120,2760
57,5,2760
70,12,2755
4,24,2753
43,149,2743
17,11,2742
35,9,2740
139,149,2740
31,32,2739
75,72,2733
69,68,2722
67,69,2721
76,91,2716
11,12,2716
39,36,2715
149,19,2710
5,31,2707
53,57,2703
71,69,2699
89,4,2695
10,42,2688
77,72,2686
132,131,2684
82,86,2678
127,131,2670
33,80,2668
18,5,2664
99,97,2660
29,138,2656
8,7,2649
79,3,2640
136,133,2636
65,75,2632
15,35,2631
84,5,2628
71,31,2626
48,61,2620
30,4,2619
4,11,2608
121,127,2604
31,19,2602
4,113,2601
12,39,2596
2,39,2595
69,36,2594
104,75,2594
48,74,2594
4,66,2593
104,9,2592
104,5,2589
64,4,2585
30,125,2585
26,17,2582
8,43,2579
29,33,2577
82,33,2576
33,26,2572
101,69,2568
4,91,2562
32,19,2561
101,4,2560
86,82,2560
15,42,2557
125,130,2555
17,20,2551
15,12,2546
84,26,2536
4,98,2534
127,113,2533
126,131,2532
101,36,2527
46,2,2525
9,17,2522
88,72,2513
19,4,2513
63,48,2509
40,39,2507
18,30,2506
26,5,2504
75,76,2503
49,4,2496
14,5,2494
58,53,2488
66,4,2487
137,138,2486
138,29,2484
104,76,2484
7,19,2483
149,15,2482
18,11,2480
39,2,2477
5,23,2475
15,24,2474
138,30,2470
47,45,2469
12,40,2469
127,3,2467
30,120,2461
129,121,2451
24,30,2450
18,9,2449
41,43,2448
10,39,2442
87,72,2440
9,42,2439
47,71,2436
53,65,2436
113,127,2435
50,5,2430
12,35,2419
129,113,2414
4,34,2411
74,72,2408
4,80,2406
91,72,2405
89,69,2405
39,46,2403
7,43,2401
4,82,2399
105,4,2395
5,41,2393
8,19,2388
113,125,2388
44,12,2387
86,95,2385
127,30,2379
4,23,2379
14,4,2377
19,149,2376
140,141,2374
18,8,2373
65,76,2372
32,30,2368
84,69,2368
125,3,2367
32,34,2367
101,33,2367
117,127,2363
141,151,2362
133,136,2360
4,149,2358
48,43,2356
98,101,2356
73,72,2350
2,36,2347
2,12,2346
30,117,2338
86,100,2334
31,30,2331
46,45,2330
38,43,2327
15,18,2324
43,71,2321
37,40,2321
72,74,2316
82,31,2315
4,101,2315
65,61,2313
18,24,2309
69,71,2307
95,99,2307
10,36,2307
19,5,2306
43,68,2305
129,128,2296
74,45,2296
11,2,2295
132,3,2292
47,72,2290
8,18,2290
18,12,2289
61,49,2287
77,69,2285
12,69,2282
130,3,2282
76,98,2280
99,33,2279
12,72,2277
12,26,2275
1,9,2273
65,5,2270
65,9,2267
44,46,2267
1,12,2266
136,130,2261
117,3,2260
125,126,2254
132,134,2250
138,137,2247
9,76,2241
15,19,2241
76,9,2241
131,136,2240
44,36,2240
112,3,2237
130,131,2237
76,5,2235
9,24,2234
5,62,2233
29,4,2227
117,116,2227
58,61,2226
30,3,2224
141,140,2221
23,14,2220
48,62,2216
121,3,2214
9,62,2213
19,3,2213
21,67,2209
72,36,2206
127,121,2200
82,3,2200
78,72,2199
68,31,2192
43,31,2192
138,3,2184
43,17,2183
138,139,2180
2,72,2177
7,4,2176
49,63,2175
69,62,2174
4,124,2174
150,138,2174
29,31,2173
43,63,2173
44,45,2172
37,39,2172
17,9,2171
82,19,2169
32,3,2168
4,32,2168
51,5,2163
5,83,2162
130,136,2156
15,44,2156
112,30,2153
11,8,2152
148,150,2150
49,65,2150
6,35,2147
82,84,2146
86,4,2144
93,72,2139
63,74,2139
36,42,2138
5,17,2136
44,2,2130
34,33,2128
12,37,2127
133,3,2125
104,71,2120
38,39,2120
5,8,2117
33,34,2109
27,3,2108
140,145,2107
82,11,2107
9,43,2106
117,112,2106
18,84,2105
99,69,2104
32,139,2101
4,97,2100
46,42,2099
17,12,2099
39,9,2097
9,149,2096
4,104,2092
5,20,2091
17,34,2090
9,133,2089
14,23,2084
17,68,2084
4,49,2083
49,46,2083
59,58,2079
125,133,2078
2,69,2076
17,4,2076
61,65,2072
5,76,2071
16,3,2067
99,84,2065
101,97,2065
69,21,2064
113,129,2059
7,35,2056
4,21,2050
116,113,2049
5,133,2049
37,2,2045
38,36,2045
5,139,2042
87,69,2042
66,67,2041
31,131,2039
36,35,2037
73,46,2036
15,2,2032
62,53,2026
33,82,2026
25,69,2025
112,114,2024
5,66,2024
63,62,2022
34,86,2016
127,120,2015
125,29,2015
83,69,2014
100,99,2014
44,48,2011
135,131,2010
69,43,2009
25,3,2008
9,30,2007
86,72,2005
30,149,2005
23,25,2005
72,45,2003
79,32,2003
114,3,2002
136,3,2001
101,72,2000
17,84,1999
14,2,1999
27,30,1998
68,76,1996
13,43,1992
62,64,1992
4,53,1992
57,61,1992
99,36,1992
87,4,1991
71,12,1989
99,4,1985
140,94,1984
4,50,1979
30,132,1978
25,17,1977
133,113,1976
88,104,1974
64,69,1970
132,130,1970
11,18,1967
57,64,1964
132,15,1962
4,19,1962
125,113,1960
5,84,1960
64,46,1960
69,42,1960
18,26,1959
5,63,1955
4,127,1955
30,23,1952
30,19,1952
7,36,1950
19,32,1948
69,17,1945
37,47,1943
86,69,1942
57,63,1942
46,48,1940
135,139,1937
32,69,1936
13,2,1934
10,4,1933
2,18,1930
30,27,1928
47,44,1927
71,76,1925
94,93,1923
70,11,1922
17,18,1920
92,11,1920
48,58,1919
149,9,1918
14,9,1917
72,75,1915
20,4,1914
69,44,1908
101,84,1907
48,49,1905
121,131,1902
18,34,1901
34,82,1900
83,33,1896
84,72,1896
24,15,1894
76,71,1894
70,85,1893
5,91,1893
4,140,1890
138,140,1888
5,7,1888
92,19,1887
42,41,1887
119,113,1886
33,72,1885
18,23,1885
2,30,1882
148,149,1881
83,86,1876
121,128,1873
1,36,1872
4,136,1871
38,9,1869
5,113,1867
75,64,1862
53,5,1862
41,40,1862
71,2,1862
62,4,1856
19,2,1854
140,146,1853
4,120,1852
134,149,1851
104,98,1851
117,114,1850
140,4,1845
97,69,1845
57,59,1843
29,3,1842
104,12,1842
117,2,1842
72,35,1838
121,120,1836
49,58,1834
6,8,1834
72,88,1834
58,63,1833
99,72,1831
68,9,1830
26,33,1830
40,2,1830
68,33,1828
9,48,1827
136,124,1826
86,84,1825
113,130,1825
128,120,1822
15,8,1822
77,85,1822
32,149,1821
18,4,1816
35,47,1816
12,47,1816
9,8,1814
4,51,1814
7,18,1812
136,27,1811
119,120,1808
133,27,1807
11,42,1807
17,42,1805
128,29,1805
35,8,1803
18,133,1802
63,61,1799
42,39,1797
10,9,1795
113,2,1793
84,9,1793
6,43,1790
2,42,1788
6,4,1785
58,5,1784
79,80,1784
149,71,1783
68,26,1782
133,15,1782
127,5,1781
18,149,1781
93,69,1781
113,15,1781
87,71,1780
138,131,1780
48,50,1780
130,15,1776
24,133,1776
47,5,1773
2,149,1771
57,69,1769
68,67,1768
149,39,1768
65,71,1766
127,15,1763
1,39,1763
149,30,1763
15,13,1761
72,63,1757
45,11,1754
69,30,1754
4,130,1753
4,57,1753
149,132,1753
2,68,1752
89,5,1752
4,146,1749
5,145,1747
72,105,1742
45,12,1741
29,140,1740
130,149,1739
34,84,1739
26,9,1737
128,121,1737
71,33,1737
30,116,1737
44,40,1735
31,33,1734
17,72,1732
43,82,1729
27,15,1727
71,34,1725
50,46,1725
65,62,1722
65,12,1722
20,11,1722
72,64,1719
71,44,1719
5,58,1719
5,3,1716
117,129,1716
12,18,1714
112,129,1714
45,71,1714
149,138,1713
50,48,1711
4,139,1710
9,25,1709
97,4,1708
149,133,1702
72,61,1700
113,131,1699
34,83,1699
79,33,1698
20,66,1697
4,100,1697
48,40,1696
46,71,1696
2,113,1694
150,149,1693
67,31,1691
84,34,1690
18,36,1688
40,18,1686
139,138,1686
30,145,1685
27,14,1684
41,36,1683
105,36,1682
3,36,1681
112,5,1680
10,47,1680
17,25,1679
50,4,1679
91,76,1678
53,72,1677
68,71,1674
13,48,1673
125,5,1672
57,9,1672
91,69,1670
83,11,1670
68,35,1669
112,2,1669
127,116,1668
58,4,1667
34,72,1667
23,32,1665
149,131,1665
129,120,1661
132,27,1657
35,36,1657
138,4,1657
43,101,1654
30,5,1653
48,71,1653
45,2,1652
39,12,1651
131,125,1651
37,69,1651
81,79,1650
14,24,1647
30,15,1646
5,86,1642
140,150,1641
37,44,1641
89,76,1640
133,4,1637
61,46,1636
87,89,1635
68,66,1634
125,15,1634
18,20,1634
23,4,1634
99,98,1633
44,18,1633
27,5,1632
151,148,1631
8,2,1630
127,112,1628
9,82,1626
29,23,1626
3,2,1625
26,2,1625
104,88,1622
71,91,1621
36,2,1620
117,5,1619
19,72,1619
69,58,1618
132,9,1618
10,5,1618
140,149,1617
76,12,1615
121,2,1615
9,45,1614
15,48,1614
48,2,1612
17,36,1610
31,2,1609
126,130,1608
58,59,1608
30,28,1604
41,47,1604
22,5,1603
5,33,1603
86,33,1603
130,124,1602
146,138,1602
5,10,1600
15,10,1600
94,19,1599
117,69,1598
41,2,1597
46,72,1597
128,129,1596
97,72,1594
136,29,1594
135,5,1593
25,26,1592
8,35,1592
43,62,1589
127,2,1588
72,44,1586
38,69,1585
92,141,1584
26,25,1583
29,131,1582
44,69,1581
28,3,1581
61,57,1578
34,5,1576
30,129,1575
98,97,1575
72,77,1572
30,31,1572
39,40,1570
72,80,1569
21,2,1568
27,28,1567
131,3,1565
132,133,1562
11,7,1561
121,15,1560
28,30,1560
71,138,1559
76,75,1559
47,63,1557
33,4,1555
32,145,1555
17,69,1554
61,53,1554
24,26,1553
4,64,1551
4,77,1550
31,15,1548
63,57,1546
30,112,1545
97,84,1544
97,33,1544
70,72,1542
30,146,1540
77,4,1539
16,4,1538
17,83,1535
117,15,1534
139,71,1533
34,11,1532
105,9,1532
99,26,1532
13,12,1531
133,28,1530
117,130,1530
136,15,1529
5,21,1528
68,34,1528
24,19,1528
23,3,1527
26,24,1527
9,11,1525
7,2,1524
112,130,1524
33,131,1522
139,137,1522
11,17,1522
2,13,1520
46,68,1520
30,11,1520
61,63,1519
104,36,1519
29,66,1517
96,101,1517
25,19,1516
48,9,1516
3,149,1515
93,4,1515
70,42,1515
82,9,1515
71,66,1514
38,44,1513
57,71,1512
69,26,1512
36,46,1511
30,135,1511
127,126,1510
64,65,1508
19,9,1506
43,40,1505
72,86,1505
5,104,1502
34,30,1501
4,92,1499
16,2,1499
15,7,1498
89,71,1496
63,71,1494
16,5,1494
4,88,1493
18,19,1492
151,138,1492
21,68,1491
130,5,1489
105,5,1489
125,4,1489
17,39,1488
62,65,1487
145,71,1487
131,128,1486
139,30,1485
75,69,1485
136,4,1484
139,150,1483
63,12,1483
43,141,1482
43,61,1482
49,43,1481
4,105,1481
12,45,1481
72,83,1480
13,36,1480
104,58,1479
33,11,1479
9,32,1478
43,69,1478
71,62,1477
7,24,1477
5,127,1476
72,101,1474
98,100,1474
112,69,1473
135,4,1471
70,71,1471
74,9,1469
70,8,1469
9,91,1467
76,46,1466
21,11,1466
150,137,1466
64,5,1466
36,48,1463
149,11,1462
38,40,1461
9,58,1460
72,82,1460
131,127,1459
9,98,1459
49,62,1459
43,133,1458
70,18,1457
5,11,1456
9,33,1455
41,39,1453
72,43,1452
23,133,1451
48,44,1450
133,125,1448
94,138,1447
37,42,1444
88,98,1443
2,8,1443
19,36,1442
130,30,1441
92,81,1441
57,46,1437
1,69,1437
4,85,1436
89,9,1436
2,7,1436
69,91,1434
48,47,1433
101,26,1433
88,76,1432
46,40,1431
140,29,1430
113,5,1430
43,98,1430
72,149,1428
51,53,1427
94,92,1426
101,5,1426
45,43,1425
127,129,1424
80,79,1422
33,3,1422
32,25,1419
99,3,1419
61,4,1418
75,4,1416
18,113,1416
114,15,1415
5,51,1415
62,61,1414
99,5,1414
9,104,1413
26,15,1412
39,72,1410
101,43,1410
5,128,1409
67,34,1409
76,64,1409
43,70,1409
146,15,1408
28,5,1408
127,69,1408
43,33,1407
43,32,1406
18,2,1405
72,97,1405
72,53,1404
83,9,1404
86,5,1403
36,40,1403
40,12,1403
57,12,1402
4,114,1402
31,4,1402
67,33,1402
63,72,1400
1,13,1400
3,19,1398
121,30,1398
18,25,1397
138,133,1397
43,11,1397
128,3,1396
5,141,1394
9,31,1394
133,9,1393
72,17,1392
32,138,1392
34,98,1392
18,32,1391
149,137,1391
71,98,1391
149,69,1391
59,65,1390
94,69,1390
72,30,1389
117,36,1385
84,77,1385
48,12,1384
68,104,1384
70,7,1383
4,7,1383
9,63,1383
34,69,1383
19,140,1383
129,3,1383
38,47,1382
72,73,1381
39,13,1381
39,71,1379
4,75,1379
92,79,1377
97,36,1377
48,57,1376
32,2,1376
2,17,1375
18,83,1375
131,15,1375
47,74,1373
5,61,1371
12,42,1369
26,18,1368
150,3,1368
38,37,1367
96,29,1365
45,68,1363
21,17,1363
1,42,1363
114,2,1362
12,68,1362
131,113,1362
97,26,1362
46,17,1362
84,86,1361
16,12,1360
36,71,1360
86,71,1359
53,64,1359
70,35,1359
69,104,1359
112,15,1359
132,5,1358
30,114,1358
87,75,1358
44,71,1356
79,11,1356
71,36,1356
127,117,1356
9,84,1355
125,127,1355
44,72,1354
71,35,1354
53,4,1354
130,29,1352
34,97,1351
5,50,1347
4,121,1346
135,15,1346
64,71,1345
3,30,1345
4,117,1345
84,85,1345
15,46,1345
137,30,1343
37,72,1343
33,138,1343
43,25,1343
19,35,1342
2,133,1341
24,3,1339
121,114,1339
37,7,1339
12,62,1338
104,68,1338
121,5,1336
19,42,1335
91,75,1335
129,127,1335
47,69,1335
25,23,1334
130,127,1334
39,41,1333
138,5,1333
23,19,1332
149,72,1331
18,130,1331
83,12,1330
35,39,1329
130,69,1329
9,41,1328
33,69,1328
44,17,1328
113,30,1327
31,133,1327
124,131,1327
126,3,1327
74,70,1326
30,126,1325
84,11,1325
18,86,1325
42,43,1324
100,105,1324
5,53,1324
19,17,1324
72,84,1323
139,4,1322
37,9,1322
43,151,1320
99,9,1320
112,117,1319
29,5,1319
126,27,1318
4,99,1317
12,48,1316
10,35,1316
21,9,1313
8,24,1313
136,28,1311
132,4,1311
15,43,1311
43,67,1311
25,20,1310
17,21,1309
39,19,1308
68,42,1308
43,128,1308
84,80,1307
104,2,1307
42,46,1307
23,69,1307
46,36,1306
30,128,1305
74,12,1305
74,71,1305
11,68,1304
149,130,1304
130,27,1303
6,5,1303
31,139,1303
84,3,1299
125,27,1299
66,72,1298
88,69,1298
105,89,1297
77,83,1297
84,36,1297
76,104,1297
69,35,1297
9,67,1296
28,15,1296
5,101,1296
149,42,1296
19,139,1295
43,42,1295
125,36,1295
82,69,1294
11,13,1294
121,130,1293
50,49,1291
12,71,1291
18,68,1291
72,87,1290
5,146,1289
4,145,1287
83,2,1287
137,29,1287
19,25,1287
89,75,1285
117,131,1284
68,83,1284
34,101,1283
149,12,1282
128,113,1280
5,130,1279
121,112,1278
148,151,1278
67,66,1278
70,69,1278
17,86,1277
5,98,1277
18,39,1276
93,95,1276
121,27,1273
151,3,1273
71,42,1272
5,138,1271
5,150,1270
71,89,1270
42,13,1268
33,32,1267
8,46,1267
134,132,1267
1,72,1266
72,89,1266
114,112,1265
69,40,1264
71,68,1262
4,131,1261
144,139,1260
43,24,1259
9,23,1259
13,46,1258
84,2,1257
4,125,1257
133,121,1256
129,116,1254
43,146,1254
139,140,1254
86,88,1253
17,2,1253
29,19,1253
9,130,1253
10,48,1253
63,9,1253
61,40,1253
128,5,1252
99,95,1251
4,134,1250
25,2,1249
44,30,1249
149,18,1248
24,23,1248
80,149,1248
125,69,1248
9,124,1247
36,9,1246
114,117,1245
141,4,1245
131,5,1244
6,36,1244
20,84,1244
9,83,1242
4,138,1242
95,4,1241
138,19,1238
33,5,1238
127,27,1237
66,9,1235
141,138,1235
12,41,1235
38,12,1234
68,2,1234
51,4,1233
5,34,1233
76,2,1233
136,69,1232
38,8,1231
39,8,1231
88,36,1231
127,29,1230
125,2,1230
61,5,1229
20,83,1228
36,41,1228
70,77,1228
70,2,1228
33,133,1228
91,4,1228
7,30,1228
4,112,1228
79,15,1227
69,88,1227
31,34,1227
46,149,1226
35,18,1226
34,133,1225
42,44,1225
5,124,1225
136,9,1223
68,12,1222
48,53,1222
98,99,1221
14,36,1221
70,40,1220
29,15,1220
63,70,1219
12,7,1219
44,68,1218
19,146,1217
8,17,1217
64,9,1216
26,32,1216
64,49,1214
86,87,1213
1,68,1213
13,35,1213
84,149,1212
30,25,1212
34,71,1211
96,4,1211
32,146,1211
35,42,1210
8,42,1210
93,36,1209
45,39,1207
30,2,1207
40,47,1206
145,138,1206
84,35,1205
4,15,1205
21,42,1205
33,25,1203
133,5,1203
5,80,1201
43,92,1201
47,42,1199
83,77,1199
57,48,1199
17,30,1199
31,145,1198
40,68,1198
149,34,1197
25,33,1197
65,91,1197
34,100,1196
68,84,1195
36,72,1194
9,86,1191
125,11,1191
7,8,1191
101,40,1190
35,45,1189
94,95,1188
61,62,1188
99,71,1188
68,20,1187
17,35,1187
99,42,1187
3,133,1187
80,72,1186
79,2,1186
44,70,1185
68,43,1185
47,58,1184
97,88,1184
42,58,1184
149,35,1183
63,68,1183
62,72,1183
68,133,1182
1,18,1182
74,68,1182
76,36,1181
43,80,1181
5,49,1180
105,75,1179
92,34,1179
34,138,1178
31,71,1177
45,42,1176
62,5,1176
43,34,1175
35,17,1175
65,68,1175
86,75,1174
133,126,1174
131,30,1173
133,14,1173
35,72,1173
83,82,1172
76,68,1172
89,36,1172
12,63,1171
105,42,1170
7,32,1169
69,98,1169
2,24,1166
130,113,1165
9,40,1163
47,62,1163
18,42,1162
125,12,1162
9,134,1162
2,48,1161
140,151,1160
131,14,1160
25,42,1160
42,2,1160
124,136,1159
57,74,1159
149,33,1158
130,4,1158
33,71,1158
136,5,1158
43,100,1157
69,39,1157
68,36,1156
87,86,1155
71,88,1155
92,93,1155
35,44,1155
2,1,1154
137,3,1154
88,4,1153
145,3,1153
43,85,1152
47,73,1151
76,62,1151
150,141,1150
138,149,1150
31,72,1150
72,31,1150
7,42,1149
47,4,1149
99,43,1148
82,36,1148
133,36,1147
73,74,1146
101,42,1146
72,79,1145
34,4,1145
2,26,1144
35,2,1143
19,12,1143
149,140,1142
138,124,1141
105,71,1140
82,80,1140
29,21,1140
84,82,1140
1,30,1138
96,99,1137
128,28,1137
101,9,1135
27,4,1135
112,131,1135
31,96,1135
34,131,1135
33,9,1134
72,100,1134
47,50,1134
12,8,1133
67,21,1133
5,57,1133
131,4,1133
12,24,1133
20,2,1132
35,37,1132
83,85,1131
15,17,1131
8,47,1130
96,30,1130
44,62,1130
2,23,1129
9,20,1129
94,86,1129
128,127,1129
74,36,1128
24,149,1127
44,149,1126
87,9,1126
43,86,1126
82,32,1125
99,2,1125
92,31,1123
140,30,1122
84,79,1122
25,15,1121
39,50,1121
12,30,1120
126,29,1119
114,129,1119
30,14,1117
5,94,1116
39,7,1116
130,2,1116
9,140,1116
8,30,1116
69,64,1114
87,5,1114
18,127,1114
72,95,1114
47,70,1114
38,18,1113
7,39,1111
130,14,1110
42,72,1109
62,49,1109
8,39,1109
114,130,1108
139,151,1108
121,36,1107
50,43,1107
136,127,1106
19,69,1106
14,19,1105
84,25,1104
129,5,1103
17,71,1103
68,98,1101
41,9,1099
37,46,1099
20,34,1099
71,133,1099
68,91,1098
43,26,1098
4,151,1098
12,76,1097
97,93,1097
44,24,1097
38,72,1096
80,69,1096
5,136,1095
71,149,1095
70,13,1094
66,2,1094
97,71,1093
31,94,1091
15,26,1091
69,67,1090
146,131,1090
94,3,1090
63,46,1090
28,4,1089
149,14,1089
69,20,1089
92,32,1089
82,4,1088
47,76,1087
32,94,1087
21,69,1086
84,12,1086
113,14,1086
49,72,1085
71,101,1085
47,30,1085
135,132,1085
2,35,1085
130,28,1084
132,28,1084
117,43,1084
8,32,1084
120,121,1083
9,136,1082
47,98,1082
94,4,1082
43,83,1082
75,9,1081
138,15,1080
86,83,1080
65,2,1080
15,41,1079
4,141,1078
43,139,1078
72,42,1078
18,134,1077
146,19,1077
78,69,1076
2,121,1076
86,36,1074
139,34,1074
4,95,1072
47,91,1072
116,121,1071
105,12,1071
18,31,1070
35,46,1070
4,87,1070
133,29,1069
145,132,1069
83,34,1068
114,69,1068
77,5,1068
71,80,1067
43,140,1067
46,24,1067
133,129,1066
113,69,1066
37,41,1065
7,140,1064
132,14,1064
43,121,1064
67,42,1063
9,10,1063
36,37,1063
86,105,1062
68,62,1062
15,37,1062
13,41,1062
117,12,1061
65,36,1061
20,12,1061
114,131,1060
114,120,1060
82,25,1060
24,130,1060
35,71,1059
26,31,1059
33,93,1058
4,129,1058
30,36,1058
15,6,1057
42,35,1056
94,81,1056
138,2,1055
5,82,1054
71,11,1054
94,29,1053
9,47,1053
68,82,1053
113,133,1052
44,63,1051
38,113,1051
94,72,1050
121,69,1048
2,31,1047
112,43,1047
2,32,1047
4,128,1046
18,92,1045
96,86,1044
17,98,1043
4,150,1042
72,34,1042
35,48,1042
47,61,1042
94,11,1042
19,39,1041
117,14,1041
137,5,1041
130,145,1041
116,127,1041
11,26,1041
53,58,1040
2,120,1040
150,5,1040
125,9,1040
38,128,1039
3,24,1039
32,15,1039
43,76,1038
71,77,1038
129,114,1037
97,5,1037
138,23,1036
9,19,1035
6,18,1035
51,46,1035
36,39,1035
9,61,1035
59,72,1034
74,2,1034
48,36,1033
136,2,1033
2,127,1032
5,121,1031
71,84,1030
79,34,1030
150,30,1030
49,2,1029
71,39,1029
94,30,1029
24,113,1029
82,2,1028
18,146,1028
114,121,1028
27,9,1027
15,47,1026
24,124,1026
71,145,1025
5,151,1025
30,12,1025
131,130,1024
71,140,1024
82,72,1024
43,58,1023
96,94,1023
70,91,1022
144,135,1021
25,4,1021
41,8,1020
30,18,1020
125,14,1020
72,65,1019
82,26,1019
135,3,1019
114,9,1019
77,80,1018
64,58,1017
33,2,1016
129,112,1016
39,69,1016
9,146,1016
84,101,1015
40,69,1015
48,45,1014
18,125,1014
135,138,1014
48,73,1014
125,30,1013
68,86,1013
20,82,1012
25,35,1012
46,30,1012
1,44,1012
71,70,1011
49,9,1011
35,40,1011
61,72,1010
78,76,1010
40,133,1010
18,124,1010
47,34,1010
72,48,1010
71,146,1009
120,125,1008
113,128,1007
23,130,1007
64,48,1006
5,117,1006
38,35,1005
72,78,1004
149,29,1003
43,91,1003
112,36,1003
4,116,1002
24,4,1001
45,63,1000
84,100,1000
71,58,999
23,149,998
79,24,998
127,149,996
34,92,996
40,37,996
94,34,996
71,86,995
149,151,995
150,4,995
11,43,993
64,63,992
81,82,991
130,23,991
2,146,991
36,45,991
86,26,991
146,30,991
91,89,990
83,26,989
63,58,988
135,2,988
95,77,987
5,97,987
70,19,986
69,97,986
91,104,985
64,74,985
104,42,985
150,145,984
18,33,984
43,30,983
25,43,983
5,100,983
2,46,983
38,17,983
21,72,982
69,70,982
127,4,982
25,36,981
18,98,981
149,36,980
25,18,980
71,139,980
25,140,980
39,58,980
130,134,979
67,26,979
136,12,979
20,9,978
92,69,978
97,82,977
9,80,977
57,76,976
3,35,976
136,125,976
17,97,976
9,37,976
99,101,976
72,21,976
145,15,975
105,58,975
135,27,975
139,144,974
62,9,974
66,11,974
113,43,973
139,31,973
66,71,973
71,30,973
104,34,973
27,2,973
92,3,972
53,76,972
23,5,972
39,68,971
64,12,971
68,11,971
38,2,971
149,13,970
82,92,969
28,14,969
86,9,969
2,114,968
10,2,967
9,145,967
69,46,966
135,130,966
113,36,965
79,69,965
99,12,965
130,9,965
101,71,964
32,21,964
43,97,964
34,66,964
33,66,963
114,127,963
32,96,963
70,83,962
2,130,962
45,74,962
129,117,962
2,47,962
17,133,962
77,84,961
43,145,961
147,3,960
2,71,960
17,82,959
93,82,959
124,15,959
140,3,959
124,121,958
53,40,957
16,19,957
114,36,957
132,39,957
88,42,956
44,61,956
129,30,956
25,44,956
18,82,956
48,18,954
24,136,954
2,19,954
47,49,954
5,120,954
2,10,953
133,120,953
30,69,952
11,133,952
94,141,952
11,19,951
150,140,950
101,105,950
15,45,950
46,69,950
70,26,949
4,73,949
149,141,949
25,5,949
37,12,949
136,14,948
112,42,948
70,30,947
71,85,946
130,146,946
129,130,946
89,12,945
43,35,945
51,48,944
74,63,944
149,17,943
9,34,943
150,146,943
2,37,942
72,70,942
145,34,941
74,11,941
49,44,941
135,9,941
104,46,940
136,113,940
48,51,939
131,27,939
83,36,939
141,30,938
25,11,938
91,5,938
95,94,937
72,7,937
38,46,936
8,40,935
71,67,935
3,5,934
76,63,934
39,57,934
18,3,934
9,113,934
63,49,933
37,48,933
80,84,933
63,11,933
17,44,932
79,72,932
4,79,931
8,25,931
39,53,931
130,125,931
61,9,930
72,24,930
127,14,930
31,149,929
124,133,929
68,92,928
133,114,928
75,5,928
42,37,928
1,19,927
104,105,927
127,12,926
70,68,926
68,140,926
8,41,925
61,48,925
82,18,925
22,4,925
23,72,925
5,77,923
5,125,923
68,139,923
37,101,923
135,149,922
114,5,922
97,9,922
145,131,922
64,76,922
130,72,922
2,3,921
135,30,921
127,36,921
5,129,920
71,97,920
9,101,919
19,26,919
139,3,919
48,68,919
34,113,918
74,44,917
72,40,917
80,146,917
47,104,916
57,49,916
146,4,916
73,4,915
9,75,915
34,32,914
33,83,914
59,4,913
131,117,913
44,47,912
72,141,912
149,127,912
99,40,912
128,15,911
23,15,911
77,99,911
2,67,910
101,2,910
36,8,909
71,13,909
77,9,909
24,18,909
43,84,908
45,36,908
2,40,908
141,150,906
136,36,905
114,43,905
11,41,905
86,77,905
46,11,905
121,116,905
124,3,904
81,92,904
12,38,904
93,9,903
7,40,903
33,140,902
45,72,902
61,51,902
26,82,901
84,98,901
83,21,901
45,13,900
2,124,900
35,98,898
33,30,897
31,25,896
19,138,893
129,15,893
100,98,893
3,8,892
131,121,891
11,24,890
25,9,890
25,31,889
39,45,889
24,32,889
134,145,889
18,136,889
14,18,888
79,18,888
83,72,888
130,17,888
33,92,887
9,66,887
17,58,887
8,10,887
74,48,886
129,29,886
37,19,886
149,4,885
7,26,885
69,75,885
104,53,885
57,2,885
67,83,885
137,4,884
93,33,884
14,12,884
44,35,883
76,58,882
68,97,881
139,33,881
73,71,881
40,101,880
151,5,880
9,97,879
2,125,879
9,127,878
139,131,877
42,50,877
5,112,877
101,12,877
129,125,876
3,17,876
37,71,876
133,12,876
29,92,876
36,58,876
57,68,875
70,43,875
71,18,875
146,9,875
99,25,875
44,101,874
128,11,874
92,2,874
105,43,874
18,80,873
23,36,873
34,124,873
98,4,873
69,89,872
149,27,872
5,131,871
2,44,871
76,42,871
4,94,870
39,34,870
53,51,870
20,69,870
27,128,869
100,97,869
48,65,869
7,25,869
24,14,869
48,69,868
24,17,868
4,89,867
62,48,867
41,19,866
26,80,866
69,101,865
128,131,865
71,43,865
43,113,865
44,21,864
7,71,864
100,72,863
129,131,862
18,120,862
33,45,862
30,20,861
72,133,861
3,124,861
61,50,860
95,33,860
38,30,860
121,12,859
113,12,859
70,101,858
69,15,858
51,50,858
47,7,857
127,136,857
38,82,856
40,8,856
30,35,856
112,12,855
149,31,855
91,71,855
130,132,855
133,35,855
17,43,854
139,69,854
44,58,853
127,9,853
19,7,852
37,98,852
71,100,852
131,9,852
72,8,851
137,19,851
4,74,851
23,17,851
57,98,851
92,94,851
66,30,851
130,120,851
2,145,851
16,44,851
121,14,850
1,149,850
24,12,850
48,77,850
125,35,850
19,145,850
25,39,850
29,151,850
9,92,849
91,9,849
5,114,848
63,40,848
149,5,848
139,5,848
16,9,848
68,105,847
140,19,847
57,62,847
28,36,847
42,49,846
9,64,846
145,33,846
44,82,846
89,42,846
82,34,845
2,33,845
43,99,845
1,10,844
140,33,844
69,25,843
43,120,843
53,48,843
43,20,842
43,125,842
69,133,842
41,71,842
99,82,841
141,29,840
78,4,839
40,30,839
105,76,839
18,72,838
4,93,838
18,97,838
151,146,837
40,44,836
127,43,836
32,141,835
82,5,835
31,69,835
40,35,835
1,48,835
137,139,835
26,92,835
86,12,834
136,43,834
20,100,834
5,149,834
2,136,834
49,12,834
93,71,833
139,29,833
70,82,832
132,36,832
97,43,832
134,146,831
51,43,831
77,36,831
68,124,830
97,3,830
68,18,830
140,71,829
57,70,829
11,47,829
18,101,829
94,24,829
34,136,829
146,71,828
129,2,828
34,127,828
133,69,828
87,76,828
43,134,827
95,84,827
18,128,827
12,104,827
41,18,827
2,25,826
98,88,825
72,25,825
86,43,825
38,48,825
87,12,825
7,72,824
39,35,824
131,149,824
150,11,824
67,71,823
31,11,823
70,66,823
75,58,822
125,129,822
42,9,822
2,41,822
57,43,822
15,58,821
30,140,821
17,48,821
126,15,821
105,68,820
31,124,820
130,36,819
7,44,819
101,3,818
140,2,818
86,64,818
84,18,818
146,130,818
85,72,817
9,105,817
140,137,816
72,32,815
33,84,814
151,4,814
71,124,814
47,113,814
84,42,814
38,42,813
145,4,813
47,101,813
43,138,813
49,18,813
149,2,813
68,88,812
61,47,812
113,9,811
44,13,811
95,36,811
126,69,811
53,46,810
71,24,810
74,18,810
2,140,809
1,17,809
41,42,808
81,33,808
99,68,807
124,130,807
93,84,807
101,68,807
105,46,807
68,138,806
93,5,806
75,71,806
150,15,805
86,2,805
65,63,805
12,58,804
11,32,804
39,70,804
8,140,804
113,20,804
14,39,804
149,144,803
104,44,803
5,75,803
17,32,803
20,21,802
97,95,802
132,42,802
104,24,802
33,124,802
12,67,801
5,64,801
18,121,801
70,113,801
23,124,801
41,68,801
80,93,801
12,133,801
21,36,800
29,2,800
35,7,800
14,35,799
68,101,799
44,11,799
114,12,799
18,44,799
31,113,798
127,125,798
23,24,797
100,76,797
41,37,797
125,43,797
144,149,797
13,58,797
32,18,797
44,41,796
19,24,795
135,29,794
36,18,794
7,9,794
28,2,793
82,97,793
77,149,793
84,146,793
63,76,793
20,86,793
113,27,792
99,15,792
19,76,792
18,140,791
44,133,791
38,70,790
80,83,790
112,14,790
35,41,790
130,117,790
9,100,790
23,136,790
137,11,790
53,69,789
138,145,789
47,53,789
76,88,789
81,19,789
145,39,788
121,42,788
32,66,788
128,2,788
141,81,787
77,97,787
39,67,787
79,25,787
23,35,786
39,49,786
18,114,786
75,91,786
34,21,785
39,18,785
77,71,785
29,18,784
15,68,784
68,79,784
9,50,783
25,149,783
23,113,783
19,8,783
26,35,782
104,97,782
23,140,782
13,8,781
11,30,781
2,117,780
37,70,780
2,116,779
72,67,779
84,31,779
131,120,779
11,48,778
43,131,778
145,30,778
8,133,777
10,18,777
97,2,777
131,28,777
5,99,776
31,80,776
24,25,776
104,43,776
38,133,775
29,139,775
31,146,774
2,112,774
21,12,774
84,71,773
139,11,772
50,58,772
61,43,772
28,9,772
128,36,772
17,67,772
68,25,771
82,15,771
44,85,771
68,94,770
68,131,770
1,24,770
40,24,770
79,30,769
1,31,768
95,26,768
5,15,768
80,92,767
62,74,767
133,2,767
82,24,767
113,4,767
40,46,766
77,46,766
20,25,766
63,13,766
129,69,765
30,42,765
32,24,765
84,97,765
5,88,765
21,43,764
37,45,764
58,65,764
32,5,764
149,113,764
71,79,764
19,34,763
46,39,763
117,42,763
71,131,763
49,71,762
15,40,762
140,96,762
13,44,762
146,5,762
39,31,761
13,37,761
97,99,761
31,5,761
94,15,761
39,51,761
135,11,761
71,46,761
85,84,760
97,101,760
38,149,760
127,114,760
127,20,759
72,33,759
131,112,757
18,21,757
7,31,757
17,130,757
39,62,756
94,2,756
17,47,756
105,2,756
32,150,755
89,68,755
87,91,755
101,39,754
3,18,754
94,79,753
116,129,753
95,69,753
67,5,753
84,43,752
36,63,751
23,134,751
68,58,751
89,2,750
69,61,750
9,88,749
58,9,749
68,13,748
96,69,748
52,5,748
24,127,748
53,61,747
26,30,747
30,24,747
104,64,747
149,10,747
151,141,747
95,5,747
18,99,746
2,20,746
25,30,746
13,9,746
130,121,746
1,32,745
132,69,745
11,25,744
113,136,744
150,19,744
67,4,744
85,86,744
81,11,744
97,42,744
1,45,744
1,25,743
114,116,742
11,136,742
9,131,742
17,101,742
33,127,741
18,131,740
11,113,740
151,30,739
31,18,738
2,83,738
70,127,737
32,133,737
3,113,737
5,92,737
77,2,737
31,127,737
112,4,737
136,17,737
67,138,737
64,36,736
69,87,736
1,133,736
129,36,736
58,62,735
116,3,735
67,133,735
34,99,735
24,33,735
127,17,734
121,11,734
135,12,734
70,133,734
71,82,733
77,79,733
145,42,733
57,30,733
96,138,732
18,100,732
15,72,732
50,9,731
18,145,731
135,133,731
34,120,730
69,24,730
77,43,730
58,70,730
140,131,730
101,96,729
18,129,729
52,53,729
1,113,729
145,5,729
1,26,729
12,149,729
58,72,729
41,44,728
47,33,728
50,53,728
43,23,727
36,61,727
140,34,727
50,57,726
45,62,726
136,30,725
135,36,725
43,66,725
2,76,725
66,33,725
125,18,724
5,105,724
51,49,724
33,20,724
63,8,724
126,113,723
12,66,723
41,12,723
61,36,723
31,141,722
2,34,722
15,63,722
79,29,722
50,2,722
86,3,722
131,129,721
93,11,721
127,124,721
42,61,720
11,139,720
127,42,720
140,69,720
25,139,720
98,72,720
43,124,719
69,113,719
141,92,719
98,69,719
39,25,719
63,2,719
67,43,718
120,112,718
138,136,718
105,40,718
125,32,718
76,87,718
24,72,718
133,112,717
138,146,717
125,42,717
149,23,717
23,20,717
21,30,717
125,34,717
43,117,716
72,13,716
9,77,716
69,95,716
84,21,716
5,27,716
18,69,715
139,15,715
66,12,715
71,64,715
112,149,715
46,73,715
36,44,714
49,76,714
145,133,714
9,13,714
29,72,713
120,128,713
117,19,713
94,96,712
117,125,712
35,85,712
132,145,712
48,70,711
17,100,711
104,17,710
72,130,710
4,16,710
20,26,710
30,9,710
70,34,710
68,44,710
70,24,710
140,31,709
7,46,709
16,43,709
30,8,707
83,71,707
72,18,707
1,35,707
138,11,706
127,44,706
44,32,705
72,94,705
79,81,705
86,58,705
67,68,705
47,31,705
146,132,704
82,42,704
65,70,703
12,19,703
71,136,703
126,5,703
63,36,703
79,5,703
12,61,703
11,23,703
8,44,703
39,101,702
93,12,701
136,34,701
49,68,701
130,71,701
77,78,700
127,28,700
68,145,700
94,36,700
44,34,700
37,13,700
57,17,699
66,62,699
31,36,699
22,2,699
20,101,699
76,86,698
26,140,698
133,30,698
19,16,698
88,97,698
53,59,697
67,30,697
149,68,697
104,35,697
69,41,697
145,9,697
40,67,697
64,2,696
137,131,695
24,2,694
30,44,694
9,57,694
104,31,694
127,18,694
69,32,693
131,114,693
71,104,693
13,7,693
67,15,692
130,112,691
99,31,691
149,124,690
7,47,690
94,32,690
58,68,690
42,62,690
36,7,689
84,17,689
95,9,689
47,77,689
47,100,689
42,71,689
29,24,689
3,23,688
28,23,688
24,145,688
71,48,688
127,11,688
126,11,688
72,139,688
47,37,688
7,23,687
68,8,686
139,113,686
32,4,685
68,80,685
139,72,685
68,64,685
5,116,685
17,3,685
146,29,685
29,82,685
88,44,684
10,46,684
7,149,684
46,134,684
67,84,683
34,141,682
42,8,682
135,144,682
34,45,682
114,14,681
5,85,681
87,58,680
97,25,680
40,71,680
19,71,679
146,33,679
51,57,678
47,127,678
39,26,678
32,72,678
145,130,677
37,62,677
15,30,677
126,2,677
33,113,677
42,10,676
68,75,676
23,127,676
84,140,676
24,140,676
38,24,676
39,63,676
92,24,676
137,2,676
58,46,676
137,69,675
78,77,675
79,4,675
124,9,675
23,131,675
33,35,674
66,42,674
19,20,674
113,42,674
71,40,673
113,44,673
61,12,673
140,12,673
34,140,673
64,68,673
70,39,673
146,39,673
49,40,673
26,72,673
76,35,673
99,30,672
2,98,672
124,29,672
30,33,671
99,58,671
44,100,671
72,57,671
46,146,670
38,101,670
47,82,670
127,19,670
9,114,670
74,43,670
94,149,670
74,73,669
101,75,669
146,18,669
24,146,669
84,145,668
133,117,668
51,2,668
72,15,668
105,53,668
133,43,668
71,75,667
60,72,667
49,53,667
138,36,667
95,40,667
2,84,666
39,74,666
125,112,665
2,45,665
1,71,665
25,24,665
67,72,664
13,40,664
18,139,664
8,149,664
89,58,664
44,20,664
71,105,664
38,20,664
44,98,663
9,21,663
117,35,663
7,113,663
113,149,663
31,24,662
29,36,662
70,78,662
56,57,662
68,146,662
89,98,662
8,71,661
131,2,661
47,120,660
146,36,660
112,20,660
82,35,660
66,34,659
104,62,659
25,138,659
146,133,659
39,61,659
126,9,659
137,15,658
4,27,658
23,12,657
76,65,657
137,23,657
80,86,657
96,11,657
125,149,657
97,100,657
23,18,656
71,26,656
75,46,656
99,53,656
139,12,655
14,42,655
117,20,655
67,2,655
72,11,654
47,133,654
15,21,654
58,71,654
26,149,653
76,44,653
94,140,653
17,24,653
130,42,653
47,21,653
35,10,653
37,100,652
100,4,652
127,32,652
29,35,652
146,11,651
125,17,651
12,98,651
69,18,650
18,138,650
69,105,650
41,13,650
88,75,650
8,26,649
23,2,649
44,67,649
87,46,649
33,17,649
141,72,649
139,128,649
45,61,648
128,14,648
135,28,647
42,69,647
113,138,647
112,44,646
86,76,646
68,149,646
88,71,646
41,69,646
69,82,645
101,53,645
57,11,645
71,73,645
43,21,644
97,58,644
80,145,644
1,46,644
121,4,644
40,136,644
7,133,644
87,33,644
82,71,644
69,63,644
1,62,644
24,134,643
86,42,643
58,74,643
2,129,643
34,139,643
37,97,643
88,9,643
37,10,643
116,112,642
69,130,642
7,127,642
38,117,642
41,35,642
38,41,642
66,31,642
64,44,642
43,13,642
62,71,640
92,95,640
39,37,640
63,69,640
43,136,640
53,98,640
12,11,640
37,91,639
40,10,639
67,86,639
23,31,639
72,66,639
18,112,638
73,36,638
151,139,638
130,129,638
88,12,638
94,131,638
67,36,637
9,121,637
139,42,637
31,136,637
132,13,637
120,129,637
12,20,637
14,43,637
2,134,636
94,33,636
70,92,636
11,124,636
62,76,636
75,62,636
9,87,635
30,39,635
20,22,635
101,35,635
63,53,635
50,44,635
11,149,635
32,22,634
1,3,634
3,146,634
124,4,634
5,16,634
4,78,634
17,149,634
146,69,633
149,24,633
2,43,633
8,48,633
50,51,633
3,127,633
17,41,633
27,23,633
94,5,632
57,50,632
139,19,632
3,32,632
53,49,632
6,44,632
112,72,631
72,93,631
24,121,631
121,39,631
45,50,631
45,73,630
78,2,630
19,44,630
117,4,630
112,19,630
48,80,630
35,101,629
19,31,629
85,83,629
14,8,629
43,77,629
33,136,628
40,41,628
40,13,628
16,30,628
4,65,628
7,6,628
24,120,628
97,77,628
37,17,628
38,114,627
41,46,627
101,77,627
25,12,626
97,12,626
42,68,626
130,43,626
47,112,626
4,6,626
79,131,626
25,72,626
36,19,626
43,112,625
12,25,625
71,83,625
30,29,625
1,43,624
8,13,624
9,95,624
30,139,623
24,11,623
66,44,623
68,17,622
53,91,622
132,149,622
141,94,622
128,125,622
87,64,621
71,25,621
69,48,621
121,20,621
71,7,621
41,17,621
43,53,621
18,117,620
140,15,620
93,58,620
31,150,620
9,53,620
20,98,619
28,12,618
37,8,618
132,127,618
136,72,618
121,133,618
3,130,618
81,3,617
82,149,617
70,67,617
99,77,617
78,5,617
71,61,616
22,68,616
130,12,616
76,17,616
26,36,616
1,40,616
146,27,616
68,7,615
140,11,615
47,19,615
66,133,615
53,9,615
32,92,615
150,36,615
61,76,615
81,72,615
76,97,615
2,104,614
47,66,613
95,93,613
86,11,613
93,26,613
114,42,613
44,136,612
66,77,612
117,18,612
48,35,612
128,114,611
39,33,611
2,86,611
149,25,611
53,50,611
5,96,611
72,146,611
59,61,610
50,61,610
23,68,610
37,24,610
82,93,610
46,57,609
17,46,609
10,37,609
128,4,609
39,98,609
11,145,609
69,128,609
85,69,609
100,69,608
43,81,608
12,134,608
44,86,608
149,66,607
76,18,607
114,30,607
92,33,607
24,42,607
23,43,607
93,77,607
97,94,606
9,125,606
136,42,605
48,11,605
131,23,605
65,17,605
45,53,605
45,80,605
12,84,605
104,74,605
69,149,604
48,149,604
27,36,604
48,17,604
1,41,604
4,38,604
2,6,603
114,25,603
96,40,603
84,139,603
99,87,603
43,127,602
18,116,602
75,98,602
145,69,602
1,23,601
68,29,601
44,113,601
50,40,601
29,25,601
101,58,601
80,139,601
124,27,601
146,34,601
71,8,601
105,35,601
17,62,600
30,84,600
130,25,600
57,44,600
83,31,600
18,132,600
146,150,599
38,7,599
132,2,598
145,12,598
57,40,598
145,31,598
1,67,598
5,132,598
47,24,597
30,17,597
87,68,597
130,135,597
43,114,597
66,43,596
76,30,596
34,125,596
48,42,596
42,51,596
38,98,596
14,13,595
35,62,595
47,40,595
40,124,595
117,44,595
3,136,595
36,17,595
136,11,594
105,100,594
129,133,594
59,64,594
71,150,594
136,129,594
35,100,594
70,117,593
112,29,593
1,33,593
86,40,593
47,8,593
53,52,593
72,113,593
19,151,592
48,24,592
70,120,592
17,8,592
121,19,592
58,51,591
81,32,591
6,71,591
57,104,591
46,13,590
18,7,590
83,20,590
57,91,590
11,46,589
88,5,589
1,37,589
41,72,589
82,83,589
42,74,589
42,53,589
37,113,589
113,29,589
26,93,588
35,86,588
133,42,587
32,84,587
44,127,587
121,35,587
45,84,587
15,61,587
146,12,587
84,68,586
24,131,586
23,58,586
77,101,586
139,36,586
145,72,586
19,84,585
71,63,585
76,74,585
93,141,585
65,77,585
93,2,584
121,18,584
149,28,584
41,7,584
127,128,584
12,23,583
43,29,583
72,136,583
75,12,583
38,83,583
42,57,583
116,117,583
21,26,583
9,94,583
83,98,583
1,11,583
13,71,583
29,14,583
25,48,582
82,30,581
17,66,581
113,28,581
68,40,581
86,68,581
2,62,581
74,42,581
70,86,581
116,15,581
128,69,581
34,94,581
26,16,581
139,45,581
127,72,581
12,91,580
18,15,580
95,2,579
138,18,579
9,139,579
126,28,579
139,133,579
119,127,579
33,21,578
61,75,577
35,38,577
99,75,577
76,48,577
129,12,577
80,81,576
113,32,576
62,57,576
130,114,576
35,76,576
28,35,576
18,10,575
80,33,575
132,11,575
38,100,575
4,52,575
125,28,575
41,45,575
149,44,574
72,145,574
62,46,574
94,12,574
70,32,574
5,134,574
133,10,574
70,121,574
68,100,574
131,145,574
94,42,573
2,128,573
48,13,573
86,85,573
33,29,573
75,65,573
68,77,573
84,99,573
141,93,573
117,128,573
62,12,572
91,105,572
6,39,572
44,141,572
49,36,572
49,57,572
114,125,571
132,43,571
97,31,571
105,44,571
88,86,571
70,112,571
121,29,570
2,66,570
32,79,570
84,141,569
69,136,569
5,87,569
3,139,568
135,69,568
37,63,568
9,128,568
67,44,567
93,98,567
2,11,567
40,72,567
92,18,567
44,53,567
91,68,566
8,23,566
125,19,566
114,128,566
16,36,566
26,42,566
4,29,566
47,51,566
2,101,566
116,131,566
126,36,566
9,120,566
68,136,566
104,33,566
37,18,566
104,30,566
77,86,565
117,121,565
64,70,565
67,16,565
148,19,565
120,3,565
65,35,564
9,89,564
28,69,564
49,69,563
34,121,563
2,91,563
145,137,563
101,30,563
151,36,563
76,89,562
1,84,562
69,99,562
101,31,562
150,2,562
15,69,562
97,40,562
34,76,562
136,32,562
53,101,561
38,112,561
117,84,561
77,66,561
87,42,561
1,86,561
45,49,560
40,97,560
36,10,560
67,18,560
48,82,560
65,104,560
71,127,560
81,31,560
49,98,559
37,35,559
101,82,559
69,53,558
129,11,558
37,30,558
37,104,558
8,130,558
132,30,558
96,12,558
82,141,558
104,84,558
43,93,557
70,114,557
82,131,557
72,85,557
48,84,556
96,84,556
128,30,556
7,37,556
112,35,556
18,71,556
138,17,556
65,84,556
24,39,555
38,85,555
18,94,555
9,49,555
146,14,555
70,100,555
71,17,555
3,7,555
87,84,555
133,134,555
127,25,554
35,70,554
95,97,554
136,35,554
72,140,554
77,12,554
84,78,554
79,149,554
105,86,554
33,18,554
9,99,554
1,20,553
34,25,553
97,83,553
139,2,553
15,11,553
89,46,553
30,34,553
43,51,553
43,130,553
80,140,552
74,35,552
44,50,552
104,15,552
19,68,552
112,121,552
129,4,552
47,149,551
126,30,551
3,120,551
125,120,551
129,14,551
83,3,551
47,57,551
149,45,551
2,97,550
137,34,550
87,82,549
130,20,549
19,48,549
32,151,549
79,139,549
117,29,548
42,63,548
131,29,548
36,49,548
46,35,548
149,84,548
42,45,547
2,139,547
19,13,547
127,23,547
7,146,547
66,21,546
33,16,546
125,114,546
146,137,546
96,70,546
68,32,546
21,71,546
72,151,546
132,12,546
17,45,545
62,70,545
59,69,545
39,77,545
14,10,545
141,148,545
135,34,545
34,2,545
2,100,544
23,44,544
29,9,544
34,9,544
140,133,544
58,48,544
24,69,544
48,76,544
9,51,544
2,15,543
83,35,543
34,22,543
70,46,543
62,2,542
140,9,542
24,114,542
50,12,542
43,78,542
105,97,542
82,66,542
132,18,542
104,101,541
5,73,541
36,149,540
21,35,540
112,17,540
96,36,540
57,18,540
38,86,540
36,62,540
148,3,540
69,65,540
44,117,540
9,138,540
48,98,539
31,14,539
86,31,539
144,145,539
139,141,539
47,67,539
49,75,539
93,92,538
53,104,538
62,68,538
130,18,538
9,132,538
77,82,537
46,58,537
43,94,537
93,19,537
38,21,537
5,79,537
53,43,537
37,105,536
50,63,536
11,130,536
47,36,536
58,12,536
140,36,535
67,131,535
145,29,535
63,7,535
32,131,535
34,26,535
131,126,534
23,146,534
95,12,534
48,83,534
135,17,534
45,10,534
126,4,533
69,100,533
6,40,533
126,12,533
21,15,533
138,127,533
104,25,533
47,117,532
85,98,532
17,136,532
86,70,532
61,18,531
27,12,531
1,127,531
94,68,531
116,2,531
1,140,531
5,95,531
49,91,531
15,62,531
91,87,530
79,140,530
91,36,530
26,145,530
57,149,530
113,139,530
39,32,530
113,19,530
99,83,530
101,25,530
27,18,530
131,132,529
151,15,529
57,24,529
32,23,529
50,18,528
47,2,528
140,35,528
57,51,528
47,105,528
117,72,528
135,14,528
74,19,528
70,80,527
113,72,527
19,86,527
132,19,527
58,49,526
37,58,526
87,2,526
97,75,526
112,18,526
33,139,525
3,138,525
43,41,524
30,43,524
28,39,523
17,99,523
53,2,523
113,25,523
63,44,523
61,71,523
92,149,523
34,77,523
113,18,523
15,149,523
135,137,522
17,139,522
35,91,522
48,79,522
99,34,522
34,80,522
81,2,522
29,12,522
101,44,522
4,81,522
136,149,522
125,39,521
28,19,521
11,127,521
74,24,521
35,69,520
20,32,520
101,87,520
72,26,520
12,15,520
1,76,520
40,85,520
1,92,520
46,50,519
101,46,519
104,40,519
98,71,519
38,97,518
82,81,518
93,88,518
53,12,518
99,141,518
11,146,518
46,26,518
79,84,517
82,43,517
59,63,517
46,63,516
68,127,516
5,38,516
69,86,516
72,124,516
18,48,516
10,44,516
83,97,516
94,84,516
31,28,516
23,42,516
46,32,515
96,95,515
23,128,515
25,145,515
13,45,515
12,57,515
3,42,515
7,17,514
6,46,514
71,130,514
86,25,514
129,27,514
5,74,514
40,31,513
34,117,513
61,44,513
76,61,512
119,3,512
72,92,512
33,15,512
34,112,512
145,144,512
65,74,512
33,76,511
133,116,511
116,114,511
37,85,511
92,131,511
71,19,511
33,62,511
31,112,510
2,92,510
33,91,510
10,41,510
22,18,510
73,5,510
39,140,510
39,73,509
93,68,509
100,86,509
24,71,509
114,4,509
35,104,509
138,12,509
1,47,509
45,24,509
69,124,509
80,31,508
6,9,508
65,18,508
150,29,508
15,23,508
38,139,508
149,112,508
89,34,508
35,20,507
133,11,507
39,10,507
117,133,507
89,87,507
105,17,507
67,77,507
18,46,507
83,43,507
96,77,506
126,17,506
58,50,506
82,17,506
7,41,506
33,36,506
94,9,506
29,22,506
17,31,505
97,79,505
17,76,505
14,46,505
125,44,505
97,87,505
53,71,505
114,29,504
40,33,504
16,133,504
125,72,504
26,19,504
84,15,504
71,99,504
46,34,504
94,18,504
96,3,503
117,11,503
130,44,503
33,112,503
76,43,503
1,130,503
98,9,503
69,84,503
29,17,502
92,36,502
71,21,502
149,94,502
65,30,502
18,66,502
43,57,502
81,141,502
71,32,502
32,130,502
1,66,502
44,77,501
12,86,501
58,2,501
38,23,501
99,46,501
151,29,501
73,45,501
15,50,500
82,94,500
91,12,500
43,129,500
93,40,500
23,120,499
27,35,499
25,80,499
72,127,499
26,39,499
86,46,499
38,67,499
82,139,499
95,11,499
126,14,499
100,9,498
38,71,498
89,44,498
146,148,498
40,99,498
74,69,497
146,42,497
2,82,497
140,72,497
19,83,497
76,105,497
86,94,497
113,35,497
93,3,497
68,113,497
124,69,497
138,31,497
6,47,497
97,68,497
128,12,496
29,94,496
34,145,496
13,68,496
1,136,495
84,133,495
21,3,495
81,69,495
7,145,495
112,25,495
126,34,495
23,125,495
10,13,495
2,131,495
145,27,495
128,117,495
7,120,495
44,134,494
45,41,494
112,41,494
31,128,494
112,133,494
64,42,494
125,66,494
2,85,494
77,146,494
97,76,494
101,7,494
65,98,493
136,66,493
98,105,493
24,125,493
20,44,493
68,30,492
47,32,492
46,20,492
68,87,492
9,85,492
75,48,492
73,43,492
28,43,491
11,40,491
44,130,491
83,22,491
5,89,491
117,17,491
72,150,491
29,149,491
105,84,491
140,42,491
46,67,491
45,58,490
40,42,490
87,36,490
69,94,490
31,45,490
64,43,489
19,47,489
29,93,489
129,28,489
24,116,489
120,116,489
2,21,489
79,82,489
17,140,489
65,87,489
10,8,488
117,25,488
44,33,488
96,72,488
104,86,488
9,141,488
12,97,488
3,34,487
84,58,487
129,136,487
114,44,487
42,30,487
91,2,486
69,8,486
48,104,486
89,101,486
25,8,486
116,14,486
57,21,486
92,15,486
6,72,485
101,34,485
136,23,485
73,48,485
41,48,485
116,30,484
43,105,484
148,139,484
34,91,484
141,3,484
31,9,484
131,116,484
131,12,483
68,95,483
44,26,483
45,57,483
73,80,483
47,145,483
24,128,483
84,151,483
40,130,483
44,66,483
76,100,482
34,3,482
69,114,482
68,15,482
24,5,482
46,74,482
38,10,482
139,32,482
32,124,482
72,99,481
114,133,481
26,138,481
119,15,481
25,66,481
48,39,481
71,74,480
136,39,480
44,91,480
138,24,480
46,25,480
17,127,480
71,87,479
101,76,479
140,68,479
23,138,479
47,114,479
24,132,479
39,80,479
46,41,478
61,69,478
9,147,478
125,33,478
132,17,478
29,8,478
3,121,477
29,150,477
100,36,477
26,139,477
42,98,477
70,33,477
45,30,476
133,18,476
49,74,476
24,117,476
21,25,476
93,76,476
12,124,476
12,53,476
29,80,476
46,77,476
99,7,475
11,120,475
96,5,475
84,8,475
67,20,475
121,43,475
74,40,475
48,91,475
39,30,475
47,140,475
34,130,475
61,68,475
75,68,474
44,97,474
127,33,474
47,65,474
84,30,474
68,112,474
97,35,474
38,141,474
16,46,474
150,23,474
24,112,473
139,17,473
94,31,473
50,71,473
69,73,473
30,150,473
95,82,473
136,37,472
76,77,472
120,117,472
121,41,472
133,149,472
7,139,471
58,69,471
43,147,471
6,42,471
25,16,471
26,69,471
101,70,471
42,12,471
92,84,471
72,39,471
93,94,471
66,45,470
40,34,470
5,52,470
53,100,470
9,116,470
145,45,470
44,124,470
45,40,470
105,62,470
11,50,469
34,105,469
86,34,469
17,124,469
72,81,469
145,14,469
23,21,469
51,12,469
33,145,469
88,89,469
130,68,469
141,88,469
69,85,469
31,151,468
105,99,468
2,88,468
19,22,468
88,58,468
25,146,468
39,66,468
65,58,468
26,12,467
101,11,467
136,18,467
76,101,467
140,18,467
66,138,467
104,149,467
112,125,467
51,40,467
13,72,466
20,149,466
30,147,466
117,39,466
145,19,466
46,61,466
3,25,466
83,40,466
114,20,466
99,39,466
24,80,466
33,105,466
44,83,466
8,45,466
8,72,465
36,98,465
24,31,465
130,19,465
131,138,465
132,29,464
23,145,464
67,124,464
26,94,464
97,30,464
70,97,463
144,138,463
117,149,463
69,45,463
72,51,463
62,69,463
67,85,463
8,136,463
99,76,463
117,48,462
51,71,462
141,146,462
74,8,462
12,83,462
34,67,462
130,35,462
46,91,462
18,67,462
9,117,462
87,26,462
131,135,462
136,71,462
132,35,461
148,138,461
70,98,461
63,50,461
37,76,461
27,17,461
25,133,461
73,44,460
6,132,460
85,4,460
117,9,460
43,88,460
63,18,460
129,35,460
2,138,460
13,63,460
46,31,460
25,68,460
136,13,459
70,76,459
8,34,459
86,53,459
104,141,459
128,35,459
85,101,459
2,80,459
84,131,459
78,71,459
41,30,459
77,18,459
62,36,458
67,82,458
129,19,458
9,79,458
63,43,458
43,104,458
34,149,458
97,141,458
149,80,458
113,66,458
114,23,458
23,8,458
31,130,457
12,77,457
70,125,457
99,35,457
11,128,457
53,63,457
50,72,457
76,53,457
47,85,456
2,135,456
40,70,456
33,117,456
97,15,456
10,17,456
89,100,456
133,17,456
71,151,456
37,21,456
61,2,456
84,16,455
61,24,455
41,133,455
114,35,455
52,4,455
23,114,455
36,13,455
89,84,455
35,77,455
11,117,455
48,41,455
1,120,454
34,128,454
96,9,454
72,49,454
14,44,454
114,28,454
38,34,454
46,70,453
133,13,453
136,121,453
125,117,453
32,101,452
68,125,452
83,25,452
66,83,452
38,151,452
81,93,452
68,19,452
68,24,451
27,39,451
112,128,451
43,49,451
121,139,451
30,66,451
114,27,451
127,84,451
94,43,451
46,62,451
27,42,450
27,19,450
35,97,450
82,77,450
66,68,450
18,141,450
69,74,450
69,120,449
125,20,449
4,147,449
38,31,449
86,35,449
93,53,449
44,76,449
131,134,449
8,84,448
135,43,448
31,42,448
1,83,448
69,11,448
95,70,448
67,3,448
28,18,448
45,18,448
15,120,447
96,71,447
17,146,447
69,83,447
128,34,447
7,130,447
19,64,447
19,75,447
121,149,446
84,46,446
117,7,446
8,37,446
40,98,446
64,61,446
11,114,446
77,145,445
19,30,445
2,151,445
141,69,445
70,41,445
23,66,445
25,46,445
120,127,445
128,139,444
89,43,444
45,31,444
44,49,444
6,24,444
45,33,444
4,54,444
121,117,444
112,66,444
46,33,443
19,6,443
39,24,443
59,9,443
23,67,443
95,71,443
70,145,443
117,120,443
116,27,443
125,128,443
31,46,443
72,131,442
31,137,442
133,66,442
26,11,442
7,69,442
4,126,442
43,116,442
4,132,442
64,53,442
21,58,442
133,32,441
19,43,441
121,44,441
84,127,441
47,83,441
5,6,441
44,15,441
130,32,441
127,66,441
124,12,440
96,33,440
47,17,440
38,129,440
71,113,440
25,82,440
150,69,440
121,136,440
151,137,440
44,57,440
130,116,440
44,51,439
37,82,439
84,19,439
47,86,439
32,9,439
19,98,439
39,76,439
89,35,439
7,132,439
31,92,439
74,30,439
139,39,438
137,36,438
84,66,438
76,70,438
12,16,438
17,91,438
144,5,438
83,101,438
42,91,437
18,93,437
149,43,437
12,136,437
33,79,437
20,97,437
7,121,437
79,21,436
43,150,436
79,12,436
23,121,436
130,140,436
147,9,436
71,141,436
120,30,436
46,98,436
37,133,436
18,151,436
3,131,436
117,66,435
29,137,435
31,84,435
23,9,435
13,49,435
37,149,435
148,69,435
18,47,435
30,72,435
2,77,434
46,21,434
33,130,434
146,2,434
23,29,434
147,15,434
34,46,434
33,46,433
77,16,433
34,81,433
101,83,433
136,44,433
32,83,433
80,94,433
93,32,433
99,44,433
12,88,433
47,9,433
53,105,433
45,34,433
132,44,433
71,41,432
66,113,432
129,43,432
10,30,432
82,12,432
43,50,432
45,51,432
127,35,432
38,27,432
112,27,432
9,3,432
93,75,432
140,32,432
48,30,432
135,39,432
138,14,432
41,10,431
12,21,431
121,66,431
116,5,431
92,82,431
105,39,431
2,150,431
140,5,431
104,48,431
40,45,431
133,39,431
138,128,430
150,12,430
72,138,430
30,138,430
127,134,430
145,18,430
39,17,430
75,53,430
105,98,429
105,34,429
34,151,429
46,145,429
69,77,429
67,140,429
42,133,429
136,25,429
9,73,429
24,35,429
39,79,428
121,28,428
45,104,428
146,17,428
66,36,428
128,112,428
60,4,428
35,19,427
86,91,427
70,139,427
116,125,427
131,17,427
12,145,427
15,16,427
126,39,427
2,49,427
63,35,427
46,139,427
93,100,427
40,146,427
34,114,426
24,139,426
81,34,426
37,99,426
31,101,426
69,34,426
26,71,426
68,150,426
57,105,425
28,72,425
105,141,425
112,84,425
32,80,425
144,131,425
117,37,425
100,12,424
130,58,424
94,99,424
39,91,424
30,21,424
39,86,424
128,33,424
78,9,424
77,139,424
68,120,423
121,17,423
77,42,423
7,45,423
92,72,423
132,113,423
17,104,422
80,150,422
128,18,422
113,7,421
8,31,421
38,120,421
27,43,421
149,32,421
119,114,421
135,33,421
128,138,421
104,61,421
1,146,421
120,114,421
74,13,421
73,9,421
75,49,421
48,101,421
138,151,421
76,95,421
34,129,421
116,130,420
5,135,420
99,79,420
149,135,420
76,49,420
44,151,420
128,19,420
32,113,420
76,40,419
45,3,419
105,64,419
47,131,419
1,139,419
27,72,419
18,135,419
94,71,419
16,13,419
133,33,419
21,44,419
93,34,419
74,26,419
76,84,419
57,60,418
124,5,418
135,127,418
117,41,418
151,33,418
57,80,418
68,128,418
146,13,418
24,98,418
80,68,418
18,22,418
139,66,418
38,58,417
151,145,417
34,93,417
75,2,417
18,27,417
58,52,417
62,11,417
25,47,417
15,133,417
7,68,417
71,15,417
57,36,417
45,69,417
11,3,417
47,121,417
96,97,417
11,125,417
6,30,416
141,19,416
68,65,416
43,79,416
18,41,416
99,16,416
47,80,416
104,63,416
2,132,415
63,47,415
38,121,415
27,13,415
145,66,415
31,129,415
29,28,415
149,53,415
113,124,415
132,10,415
66,131,415
94,82,415
17,113,414
53,82,414
130,21,414
19,63,414
9,129,414
148,140,414
17,10,413
105,54,413
105,24,413
86,79,413
99,32,413
82,21,413
33,22,413
32,86,413
37,128,413
77,92,413
33,19,413
112,11,413
3,134,412
19,40,412
46,80,412
69,13,412
43,8,412
93,46,412
81,149,411
77,40,411
89,24,411
112,33,411
1,82,411
2,99,411
92,66,411
85,97,411
127,145,410
145,140,410
31,117,410
127,7,410
149,8,410
43,89,410
66,48,410
88,46,410
141,12,410
34,62,410
99,94,410
121,72,410
138,150,410
83,100,410
67,25,409
39,84,409
67,29,409
124,36,409
21,48,409
151,2,409
12,105,409
47,130,409
89,15,409
89,53,409
30,82,409
36,50,409
3,44,409
44,120,409
87,35,409
136,33,408
40,149,408
40,125,408
64,17,408
19,37,408
51,72,408
12,130,408
12,32,408
58,18,408
17,128,408
47,79,408
20,35,408
150,72,408
37,120,407
31,121,407
131,69,407
131,36,407
139,9,407
84,150,407
94,25,407
53,74,407
88,68,407
15,71,407
59,5,407
14,7,406
37,67,406
138,130,405
38,62,405
140,128,404
149,7,404
46,84,404
37,140,404
137,18,404
49,50,404
3,46,404
31,17,404
51,9,404
24,36,404
129,42,403
62,51,403
147,39,403
15,20,403
35,84,403
82,68,403
131,72,403
51,52,403
38,32,403
9,93,403
77,140,403
104,45,403
75,74,402
17,15,402
33,128,402
8,124,402
12,64,402
15,49,402
38,136,402
61,42,402
47,41,401
17,121,401
84,32,401
86,39,401
147,145,401
14,11,401
1,53,401
105,30,401
98,86,401
1,34,401
8,83,401
146,147,401
149,136,400
29,141,400
65,33,400
128,39,400
11,121,400
20,33,400
20,15,400
68,93,400
3,15,400
36,104,400
39,133,400
73,12,399
38,84,399
144,15,399
33,149,399
3,145,399
113,48,399
104,52,399
69,141,399
43,27,399
23,84,399
30,144,398
97,34,398
149,57,398
40,48,398
87,44,398
3,129,398
145,135,398
149,48,398
81,18,397
131,139,397
68,130,397
84,76,397
2,51,397
125,13,397
65,8,397
35,30,397
84,45,397
114,72,397
83,92,397
39,141,397
86,44,396
38,45,396
38,130,396
19,41,396
72,20,396
3,13,396
47,97,395
135,35,395
149,125,395
36,30,395
21,20,395
145,44,395
61,70,395
92,25,395
112,116,394
42,104,394
150,18,394
34,20,394
138,34,394
144,4,394
104,39,394
84,117,394
65,82,394
66,32,394
136,19,394
34,12,394
69,7,393
75,104,393
37,74,393
129,18,393
112,32,393
2,141,393
31,125,393
93,39,393
44,105,393
44,112,392
70,84,392
79,9,392
79,92,392
29,7,392
124,28,392
3,26,392
2,50,392
20,81,392
45,67,391
75,89,391
46,76,391
12,75,391
129,138,391
146,31,391
141,11,391
96,2,391
93,48,391
37,121,391
34,15,390
30,16,390
30,80,390
139,68,390
48,8,390
149,92,390
44,146,390
46,23,390
15,33,390
15,130,390
138,9,390
82,8,390
72,60,389
150,131,389
58,43,389
36,51,389
3,140,389
17,53,389
117,33,389
17,105,388
39,38,388
22,11,388
129,124,388
21,39,388
41,24,388
23,139,388
88,2,388
35,34,388
139,86,388
11,36,387
42,101,387
138,16,387
92,42,387
75,42,387
104,13,387
47,146,387
37,95,387
40,17,387
47,124,387
16,24,387
12,140,387
35,51,387
15,67,387
135,113,387
7,138,386
29,86,386
17,145,386
92,43,386
1,121,386
16,45,386
130,66,386
3,20,386
71,125,386
65,34,386
36,76,385
69,146,385
100,5,385
36,70,385
129,139,385
77,26,385
39,82,385
63,42,385
5,93,384
141,97,384
49,51,384
37,146,384
151,19,384
57,97,384
60,69,384
7,84,384
41,121,384
14,16,383
139,23,383
13,61,383
45,70,383
117,27,383
53,44,383
83,42,382
42,77,382
1,58,382
44,84,382
92,21,382
148,84,382
16,10,381
151,11,381
70,116,381
121,32,381
28,27,381
33,77,381
41,58,381
93,79,381
67,101,381
138,39,381
46,49,381
64,45,380
68,22,380
125,21,380
57,25,380
57,77,380
68,48,380
54,5,380
41,113,380
73,84,380
57,133,380
131,18,379
101,48,379
44,121,379
43,95,379
137,128,379
3,40,379
38,104,379
8,20,379
135,44,379
84,113,379
132,68,379
99,70,379
132,124,379
55,57,379
69,127,378
51,44,378
37,116,378
7,117,378
47,141,378
148,36,378
47,129,377
126,18,377
83,15,377
93,43,377
101,18,377
141,2,377
15,113,377
24,91,376
112,139,376
49,70,376
36,53,376
37,32,376
9,112,376
7,94,376
17,117,376
112,28,376
39,85,376
80,141,376
137,32,376
40,66,376
57,19,376
15,146,376
141,35,375
65,86,375
67,80,375
68,89,375
119,2,375
138,69,375
23,71,375
120,130,375
138,32,375
17,40,375
36,91,375
33,58,374
83,30,374
1,124,374
32,35,374
79,146,374
82,29,374
68,85,374
61,41,373
75,36,373
36,24,373
33,114,373
23,27,373
37,23,373
57,101,373
65,105,373
33,129,373
134,139,373
129,9,373
70,124,373
91,3,373
32,82,373
38,63,373
30,41,373
149,120,373
75,87,373
127,39,372
44,8,372
49,24,372
13,50,372
31,114,372
131,146,372
9,16,372
72,121,372
77,100,372
33,146,372
97,104,372
98,5,372
141,139,372
85,100,372
18,95,372
117,32,372
18,79,371
1,112,371
146,72,371
130,128,371
101,21,371
23,39,371
23,117,371
132,23,371
1,116,371
81,84,371
37,20,371
52,43,370
149,46,370
7,124,370
136,20,370
136,10,370
8,145,370
11,131,370
66,76,370
11,44,370
29,97,370
31,7,369
42,73,369
99,11,369
28,42,369
1,114,369
76,33,369
28,17,369
38,124,369
125,23,369
133,19,368
104,77,368
77,98,368
45,47,368
125,37,368
133,23,368
31,12,368
17,125,368
133,34,368
81,24,368
77,67,368
98,12,368
114,138,367
101,29,367
12,146,367
76,24,367
126,35,367
124,2,367
19,150,367
84,40,367
84,112,367
137,12,366
145,150,366
17,88,366
148,11,366
125,84,366
65,67,366
8,82,366
57,56,366
38,91,366
126,149,366
30,7,366
42,19,366
39,97,366
47,139,365
129,39,365
47,136,365
45,26,365
46,53,365
58,11,365
3,114,365
21,40,365
135,42,365
38,13,365
5,54,365
49,101,365
127,48,364
37,112,364
33,121,364
97,149,364
8,125,364
65,51,364
17,131,364
35,50,364
19,46,364
47,87,363
7,114,363
129,25,363
97,46,363
96,68,363
96,93,363
35,24,363
146,35,363
24,86,363
79,46,362
95,39,362
101,98,362
18,43,362
24,44,362
146,135,362
151,17,362
14,17,362
44,92,362
64,40,362
129,72,362
66,35,362
66,136,361
149,117,361
88,35,361
68,41,361
70,105,361
34,88,361
44,73,361
112,48,361
77,68,361
125,71,361
8,146,361
8,50,361
141,15,360
150,35,360
104,32,360
53,97,360
35,67,360
73,69,360
145,17,360
57,100,360
60,65,360
147,150,360
84,92,360
126,43,359
131,43,359
11,49,359
46,130,359
82,22,359
38,99,358
149,21,358
93,87,358
100,26,358
66,120,358
37,77,358
50,68,358
65,24,358
66,46,358
76,34,358
124,43,358
17,23,358
38,77,357
83,68,357
113,33,357
71,78,357
23,62,357
66,124,357
92,4,357
40,86,357
17,120,357
48,32,357
86,74,357
29,67,356
42,7,356
69,27,356
45,77,356
19,94,356
7,48,356
39,104,356
120,131,356
7,128,356
47,92,355
6,2,355
112,37,355
42,70,355
53,39,355
25,124,355
65,40,355
141,145,355
99,8,355
18,147,355
8,51,354
41,67,354
86,48,354
37,141,354
39,100,354
124,113,354
105,31,354
74,80,354
17,87,354
129,149,354
27,113,354
128,9,353
24,129,353
151,34,353
137,113,353
145,11,353
47,68,353
19,21,353
139,120,352
40,62,352
26,41,352
148,137,352
91,98,351
19,91,351
114,149,351
20,42,351
19,100,351
87,34,351
1,117,351
149,121,351
38,146,351
61,91,351
20,17,350
70,130,350
69,125,350
68,39,350
53,68,350
43,148,350
105,48,350
67,92,350
16,15,350
98,141,349
4,96,349
70,136,349
31,120,349
23,7,349
24,34,349
31,35,349
86,15,349
104,51,349
1,8,349
26,91,349
85,87,349
24,138,349
1,129,349
40,100,349
48,97,348
23,26,348
135,16,348
97,32,348
148,72,348
77,11,348
40,23,348
17,138,348
120,2,348
42,65,348
113,23,348
49,104,348
12,100,347
26,34,347
8,127,347
26,133,347
25,128,347
89,33,347
16,23,347
72,50,346
76,8,346
3,151,346
135,23,346
70,25,346
104,21,346
146,113,346
38,66,346
23,150,346
42,76,346
15,134,346
145,36,346
147,146,346
7,33,346
80,12,346
17,141,346
80,71,346
45,17,346
46,138,346
149,76,346
104,41,345
87,31,345
91,42,345
33,67,345
56,5,345
79,35,345
37,127,345
105,15,345
114,32,345
99,48,345
20,72,345
151,42,345
33,120,345
25,40,345
121,25,344
16,120,344
19,141,344
76,13,344
121,124,344
67,32,344
3,84,344
75,44,344
78,35,344
11,116,344
124,14,344
133,44,344
26,146,344
12,101,343
69,57,343
87,85,343
32,29,343
57,55,343
138,125,343
92,30,343
126,32,343
44,3,343
65,3,343
139,35,343
3,12,343
79,138,343
17,33,342
72,112,342
1,91,342
132,72,342
80,35,342
57,35,342
120,5,342
100,84,342
33,94,342
42,18,342
78,68,342
39,83,342
1,98,342
137,17,342
68,23,341
18,150,341
41,120,341
49,77,341
57,82,341
104,91,341
101,15,340
15,57,340
91,17,340
23,132,340
124,127,340
105,101,340
38,76,340
5,78,340
38,145,340
37,86,340
68,61,340
127,132,340
125,10,340
65,42,340
61,74,340
133,128,340
66,127,340
132,135,340
96,42,339
68,121,339
130,84,339
19,23,339
40,20,339
45,91,339
2,16,339
42,67,339
34,95,339
119,129,338
45,76,338
58,60,338
132,37,338
8,69,338
23,6,338
18,13,338
133,72,338
135,136,338
94,21,338
62,42,338
72,54,338
135,24,338
139,114,338
105,74,338
149,81,338
112,7,338
3,125,338
140,124,338
20,30,338
133,25,338
120,15,337
39,52,337
146,141,337
15,121,337
37,83,337
1,145,337
44,140,337
84,22,337
16,124,337
116,69,337
92,5,337
139,53,337
135,18,337
149,88,337
119,130,336
46,140,336
30,10,336
121,7,336
57,130,336
6,121,336
21,46,336
148,12,336
68,117,336
47,150,336
74,41,335
5,65,335
112,138,335
12,127,335
101,24,335
37,145,335
149,96,335
79,150,335
101,141,335
139,25,335
95,68,335
150,133,335
28,13,334
24,9,334
72,41,334
127,41,334
101,131,334
3,9,334
96,141,334
33,86,334
18,45,334
72,129,334
135,32,334
73,77,334
94,66,334
46,66,334
140,80,334
133,8,333
34,24,333
9,81,333
77,44,333
72,120,333
33,125,333
40,63,333
121,138,333
16,113,333
36,69,333
149,129,333
20,141,333
29,6,332
100,33,332
59,76,332
40,113,332
1,134,332
130,126,332
10,24,332
26,79,332
137,24,332
32,93,332
77,3,332
58,76,332
139,44,332
3,37,332
47,125,331
97,44,331
139,14,331
64,35,331
23,129,331
40,131,331
79,68,331
67,9,331
130,13,331
7,125,330
47,75,330
7,129,330
48,31,330
41,63,330
44,104,330
82,14,330
94,35,330
98,76,330
35,83,330
104,100,330
42,136,330
44,99,330
3,10,330
48,67,330
136,112,329
20,99,329
66,39,329
26,23,329
91,35,329
101,138,329
71,94,329
12,99,329
117,139,329
5,29,329
146,24,328
82,95,328
140,144,328
97,53,328
116,12,328
62,18,328
112,145,328
16,58,328
140,84,328
24,43,328
130,151,328
114,18,328
48,113,328
46,8,328
75,101,328
30,79,328
75,63,328
48,33,328
14,41,328
71,53,328
133,20,327
53,62,327
29,39,327
10,50,327
148,35,327
105,25,327
42,100,327
19,29,327
57,84,327
149,86,327
128,32,327
77,35,326
17,112,326
35,13,326
131,19,326
37,134,326
140,66,326
91,86,326
37,49,326
24,135,326
140,113,326
17,63,326
40,77,326
53,86,326
91,46,326
38,125,326
35,74,326
69,134,325
37,53,325
129,17,325
84,39,325
76,45,325
116,120,325
29,83,325
30,46,325
135,19,324
125,7,324
94,58,324
48,25,324
22,3,324
68,99,324
140,14,324
36,82,323
48,105,323
99,66,323
57,8,323
35,63,323
6,135,323
136,126,323
30,6,323
70,141,323
33,8,323
112,9,323
38,105,323
97,39,323
48,21,323
89,40,323
71,92,323
48,78,323
114,139,322
104,50,322
9,65,322
149,83,322
3,117,322
49,35,322
19,33,322
117,28,322
113,146,322
137,33,322
140,24,322
76,21,322
3,116,322
81,36,321
57,87,321
33,81,321
99,18,321
146,28,321
112,23,321
57,32,321
132,71,321
132,129,321
70,3,321
76,15,321
83,39,320
44,25,320
57,26,320
18,76,320
84,44,320
21,133,320
57,95,320
149,93,320
29,84,320
31,68,320
128,23,319
41,104,319
13,53,319
12,95,319
67,46,319
127,37,319
140,43,319
91,84,319
93,101,319
22,9,319
139,121,319
41,91,319
3,41,319
124,149,319
58,44,319
150,71,319
7,98,319
24,27,318
67,139,318
88,41,318
18,81,318
69,112,318
23,112,318
7,112,318
3,112,318
145,147,318
17,49,318
65,25,318
72,1,318
72,117,318
32,20,317
146,23,317
37,61,317
69,31,317
67,97,317
48,34,317
76,94,317
34,58,317
128,43,316
2,61,316
2,93,316
18,37,316
78,18,316
41,26,316
48,146,316
12,113,316
125,8,316
37,125,316
105,80,316
33,85,316
27,69,316
33,98,316
32,39,316
25,67,316
69,139,316
127,13,315
83,80,315
68,134,315
113,84,315
139,43,315
18,85,315
136,21,315
47,138,315
76,39,315
135,71,315
17,81,315
19,10,315
84,105,315
124,23,315
104,87,314
32,127,314
36,52,314
93,31,314
94,75,314
37,31,314
47,43,314
50,36,314
96,82,314
93,70,314
44,80,314
96,39,314
40,134,314
65,44,314
65,149,314
14,47,314
62,40,314
78,12,314
97,133,314
9,7,314
49,64,313
134,135,313
28,25,313
140,53,313
82,113,313
100,71,313
79,43,313
29,101,312
116,36,312
21,8,312
11,112,312
6,41,312
95,42,312
127,71,312
8,49,312
125,48,312
21,130,312
51,54,312
53,10,312
38,95,312
29,98,312
45,16,311
93,42,311
128,27,311
97,48,311
120,12,311
76,31,311
114,40,311
88,48,311
12,50,311
126,66,311
35,32,311
81,25,311
53,88,310
149,97,310
80,3,310
81,35,310
104,54,310
3,43,310
32,125,310
77,34,310
1,15,310
139,18,310
128,17,310
112,136,310
99,24,309
99,131,309
25,41,309
139,8,309
60,57,309
54,72,309
61,17,309
81,131,309
16,149,309
47,84,309
39,99,309
63,65,309
47,116,309
26,151,309
37,117,308
41,136,308
1,80,308
12,131,308
41,70,308
63,17,308
7,141,308
149,114,308
87,53,308
26,8,308
11,129,308
67,145,308
94,139,308
114,68,308
67,136,308
121,37,307
126,44,307
71,120,307
29,96,307
145,53,307
76,73,307
31,44,307
12,139,307
53,95,307
133,71,307
12,94,307
20,139,307
146,127,307
117,16,307
7,62,307
1,101,307
91,82,306
139,24,306
91,58,306
98,26,306
1,138,306
85,5,306
138,129,306
35,49,305
9,135,305
138,25,305
132,47,305
76,3,305
30,98,305
133,37,305
32,85,305
34,29,305
93,25,305
140,45,305
89,26,305
65,31,305
36,151,305
121,9,304
27,10,304
69,117,304
78,46,304
44,31,304
50,13,304
67,24,303
95,72,303
149,58,303
145,13,303
45,98,303
132,34,303
63,41,303
97,24,303
71,65,303
8,68,303
12,49,303
136,145,303
39,65,303
140,101,303
1,61,303
17,85,302
104,93,302
65,16,302
76,51,302
39,136,302
82,44,302
93,104,302
7,12,302
99,92,302
87,97,301
71,95,301
79,22,301
2,27,301
76,149,301
24,58,301
41,140,301
125,16,301
97,16,300
89,86,300
29,146,300
12,87,300
33,74,300
33,68,300
30,48,300
99,54,300
38,116,300
